YYYYQ,GDP,GDPC1,GDPPOT,PCESV,GPDI,PIRIC,PRS85006023,CPIAUCSL,PCEND,UNRATE,CUMFNS,FEDFUNDS,CE16OV,CNP16OV
19551,413.073,2815.134,2757.5375,108.459,68.702,3.7812,116.228,26.7933,,4.7333,84.4645,1.3433,60814.6667,109130.3333
19552,421.532,2860.942,2775.4869,109.634,72.688,3.8033,116.416,26.7567,,4.4,87.4043,1.5,61643.3333,109533.6667
19553,430.221,2899.578,2793.0734,111.288,74.747,3.8236,116.436,26.7767,,4.1,87.483,1.94,62753.3333,109883.6667
19554,437.092,2916.985,2811.3068,114.179,78.882,3.828,116.693,26.8567,,4.2333,88.5527,2.3567,63310.6667,110186.0
19561,439.746,2905.656,2829.9084,115.94,78.303,3.8365,116.288,26.86,,4.0333,87.5453,2.4833,63560.6667,110483.3333
19562,446.01,2929.666,2848.3139,117.723,77.02,3.8171,115.838,27.0367,,4.2,86.4917,2.6933,63765.0,110787.6667
19563,451.191,2927.034,2867.5765,119.958,78.267,3.8304,115.873,27.3167,,4.1333,84.154,2.81,63950.3333,111113.3333
19564,460.463,2975.209,2887.9829,122.272,77.145,3.8457,116.08,27.55,,4.1333,86.3631,2.9267,63893.6667,111431.0
19571,469.779,2994.259,2909.9969,123.876,77.728,3.8527,115.685,27.7767,,3.9333,86.521,2.9333,64097.6667,111720.3333
19572,472.025,2987.699,2933.4487,125.528,77.907,3.8553,114.913,28.0133,,4.1,84.5961,3.0,64076.0,112045.3333
19573,479.49,3016.979,2957.9832,127.521,79.339,3.8151,114.636,28.2633,,4.2333,83.8886,3.2333,64206.6667,112430.6667
19574,474.864,2985.775,2983.7255,129.85,71.045,3.7711,113.608,28.4,,4.9333,79.4514,3.2533,63879.0,112865.6667
19581,467.54,2908.281,3009.6601,130.63,66.73,3.6815,113.415,28.7367,,6.3,74.0657,1.8633,62949.6667,113236.3333
19582,471.978,2927.395,3036.5506,133.0,65.065,3.6384,113.546,28.93,,7.3667,72.406,0.94,62745.0,113532.0
19583,485.841,2995.112,3063.9644,135.471,71.999,3.6083,114.08,28.9133,,7.3333,75.4322,1.3233,62979.3333,113846.3333
19584,499.555,3065.141,3092.7924,137.049,80.001,3.5888,114.641,28.9433,,6.3667,78.1743,2.1633,63498.0,114283.3333
19591,510.33,3123.978,3122.0075,139.726,83.166,3.5845,115.042,28.9933,126.0667,5.8333,81.3723,2.57,63939.6667,114714.3333
19592,522.653,3194.429,3152.2324,142.888,89.381,3.5742,115.397,29.0433,127.1667,5.1,84.5589,3.0833,64772.0,115139.0
19593,525.034,3196.683,3184.1616,146.201,83.606,3.5454,115.039,29.1933,128.2,5.2667,80.4988,3.5767,64875.0,115550.6667
19594,528.6,3205.79,3216.3037,149.277,86.524,3.5154,114.763,29.37,129.5,5.6,80.0757,3.99,64927.3333,115918.0
19601,542.648,3277.847,3249.2975,151.304,96.476,3.4992,114.518,29.3967,129.6,5.1333,84.4715,3.9333,65213.3333,116707.6667
19602,541.08,3260.177,3282.0234,153.813,87.096,3.4719,114.572,29.5733,131.9667,5.2333,81.318,3.6967,66061.3333,117036.6667
19603,545.604,3276.133,3314.9506,154.623,86.377,3.4464,114.685,29.59,131.5667,5.5333,78.8989,2.9367,66023.6667,117411.0
19604,540.197,3234.087,3347.584,156.921,75.963,3.4216,114.205,29.78,132.4,6.2667,75.8523,2.2967,65839.6667,117824.3333
19611,545.018,3255.914,3380.7233,158.878,78.378,3.4126,113.975,29.84,133.4,6.8,73.8284,2.0033,65738.0,118254.3333
19612,555.545,3311.181,3413.0685,161.891,84.108,3.4219,113.933,29.83,134.2333,7.0,76.3543,1.7333,65605.3333,118636.0
19613,567.664,3374.742,3446.7717,163.156,90.917,3.4115,114.099,29.9467,134.6,6.7667,78.4144,1.6833,65667.0,119000.6667
19614,580.612,3440.924,3480.8275,166.742,92.931,3.3997,114.538,29.99,136.1667,6.2,80.6409,2.4,65966.6667,119189.6667
19621,594.013,3502.298,3515.977,169.287,98.074,3.3763,114.248,30.1067,137.8333,5.6333,81.1862,2.4567,66379.6667,119378.6667
19622,600.366,3533.947,3552.0383,172.666,96.706,3.3598,114.784,30.22,138.7667,5.5333,81.3356,2.6067,66576.6667,119819.3333
19623,609.027,3577.362,3589.0123,174.806,98.16,3.349,114.733,30.3067,139.9667,5.5667,81.5601,2.8467,66881.0,120368.0
19624,612.28,3589.128,3626.7058,177.594,94.968,3.3247,114.29,30.38,141.5,5.5333,81.6345,2.9233,66969.3333,121045.6667
19631,621.672,3628.306,3664.8477,179.236,99.689,3.3128,114.418,30.4767,142.4667,5.7667,82.3156,2.9667,67149.0,121640.0
19632,629.752,3669.02,3703.8465,181.728,101.65,3.3031,114.65,30.5333,142.8,5.7333,83.7831,2.9633,67635.3333,122166.6667
19633,644.444,3749.681,3743.5307,185.526,104.612,3.274,114.343,30.72,145.1667,5.5,83.5563,3.33,67995.6667,122669.6667
19634,653.938,3774.264,3784.049,189.031,107.189,3.2583,114.636,30.8033,145.3,5.5667,84.2037,3.4533,68258.0,123188.6667
19641,669.822,3853.835,3824.6709,192.935,110.474,3.2211,115.857,30.93,148.6333,5.4667,84.4956,3.4633,68613.6667,123708.0
19642,678.674,3895.793,3866.1988,196.604,110.518,3.2183,116.111,30.98,151.4667,5.2,85.5447,3.49,69401.6667,124203.0
19643,692.031,3956.657,3908.2547,200.168,112.631,3.2,115.867,31.05,154.8667,5.0,86.057,3.4567,69480.0,124739.3333
19644,697.319,3968.878,3950.3756,203.811,114.984,3.2021,116.019,31.1933,155.7667,4.9667,86.492,3.5767,69710.3333,125289.0
19651,717.79,4064.915,3993.8515,207.035,126.542,3.1933,116.672,31.29,157.7667,4.9,88.866,3.9767,70187.6667,125814.0
19652,730.191,4116.267,4036.6403,211.056,127.052,3.1683,116.44,31.49,160.7667,4.6667,89.3981,4.08,70897.3333,126324.6667
19653,749.323,4207.782,4081.0984,215.035,131.237,3.139,116.14,31.5833,164.0667,4.3667,89.9023,4.0767,71369.3333,126745.0
19654,771.857,4304.731,4126.1029,220.065,133.752,3.123,116.194,31.75,170.5333,4.1,89.9839,4.1667,71827.0,127169.3333
19661,795.734,4409.518,4171.8648,223.73,144.2,3.0595,116.444,32.0467,174.0667,3.8667,91.1195,4.56,72173.3333,127511.3333
19662,804.981,4424.581,4218.3113,228.23,143.501,3.0507,116.104,32.3367,177.2667,3.8333,91.5667,4.9133,72594.0,127868.6667
19663,819.638,4462.053,4265.4766,232.198,143.194,3.0176,115.668,32.6167,179.7667,3.7667,91.2437,5.41,73088.0,128233.6667
19664,833.302,4498.66,4312.4901,237.04,145.855,3.0124,115.136,32.8833,180.4,3.7,90.5906,5.5633,73656.6667,128617.0
19671,844.17,4538.498,4360.2718,240.841,142.811,3.0039,114.527,32.9667,182.3667,3.8333,88.5845,4.8233,73572.0,129043.6667
19672,848.983,4541.28,4408.3508,244.953,137.495,2.9987,113.789,33.1667,184.0333,3.8333,86.7784,3.99,74001.3333,129527.0
19673,865.233,4584.246,4456.8385,250.241,142.835,2.9892,113.68,33.5,185.7667,3.8,85.9545,3.8933,74713.6667,130165.6667
19674,881.439,4618.812,4506.4596,254.743,147.653,2.9885,113.627,33.8667,187.8667,3.9,87.3031,4.1733,75216.3333,130757.3333
19681,909.387,4713.013,4556.6781,261.903,152.288,2.9699,113.24,34.2,193.5667,3.7333,87.3264,4.79,75102.6667,131267.0
19682,934.344,4791.758,4606.9936,269.161,158.943,2.9503,113.448,34.5333,197.8,3.5667,87.2785,5.9833,75950.0,131712.3333
19683,950.825,4828.892,4658.5699,275.736,155.683,2.9281,113.436,35.0,202.8333,3.5333,86.6724,5.9467,76100.6667,132250.0
19684,968.03,4847.885,4710.9814,282.144,160.76,2.9333,112.889,35.4333,205.0,3.4,87.0991,5.9167,76498.6667,132880.0
19691,993.337,4923.76,4761.7534,288.161,172.388,2.9202,112.809,35.8667,208.8333,3.4,87.6714,6.5667,77166.3333,133476.0
19692,1009.02,4938.728,4810.6972,295.673,172.721,2.9033,112.65,36.4333,212.2333,3.4333,86.924,8.3267,77605.0,134020.3333
19693,1029.956,4971.349,4857.3564,302.01,177.564,2.8861,112.416,36.9333,215.9667,3.5667,86.843,8.9833,78153.0,134595.0
19694,1038.147,4947.104,4902.0822,309.998,171.573,2.8856,111.973,37.5,219.7333,3.5667,85.1773,8.94,78575.3333,135246.6667
19701,1051.2,4939.759,4945.1206,317.59,168.113,2.8735,111.487,38.1,224.5,4.1667,81.8428,8.5733,78780.3333,135949.6667
19702,1067.375,4946.77,4986.3386,324.016,171.455,2.8871,110.699,38.6333,226.5667,4.7667,80.446,7.8867,78635.6667,136676.6667
19703,1086.059,4992.357,5026.2052,331.755,173.904,2.8627,110.177,39.0333,229.7,5.1667,79.1387,6.7067,78616.0,137456.0
19704,1088.608,4938.857,5065.0472,338.361,166.754,2.8629,110.078,39.6,234.4667,5.8333,76.4018,5.5667,78643.0,138260.3333
19711,1135.156,5072.996,5103.9317,345.307,189.495,2.8778,110.102,39.9333,235.8,5.9333,77.5462,3.8567,78717.3333,139033.6667
19712,1156.271,5100.447,5143.6084,353.404,197.329,2.8727,110.062,40.3,238.8333,5.9,77.6773,4.5667,78961.0,139827.3333
19713,1177.675,5142.422,5183.8731,361.732,202.058,2.8571,109.872,40.7,240.4,6.0333,77.4289,5.4767,79511.0,140602.6667
19714,1190.297,5154.547,5224.7492,370.843,198.411,2.8476,110.266,41.0,243.6,5.9333,79.1621,4.75,80228.6667,141401.6667
19721,1230.609,5249.337,5266.3945,381.204,212.968,2.8542,110.289,41.3333,247.0333,5.7667,81.8018,3.5467,81213.3333,143005.3333
19722,1266.369,5368.485,5308.6412,388.996,226.798,2.8588,110.266,41.6,254.3,5.7,82.8565,4.3,81875.0,143758.6667
19723,1290.566,5419.184,5351.5746,398.123,233.09,2.8571,110.179,41.9333,260.1,5.5667,83.3599,4.7433,82450.3333,144522.6667
19724,1328.904,5509.926,5395.2241,409.029,239.715,2.8505,110.034,42.3667,268.0667,5.3667,85.7091,5.1467,83002.0,145215.0
19731,1377.49,5646.286,5439.8896,417.739,254.313,2.8328,109.922,43.0333,275.4333,4.9333,87.6636,6.5367,83841.6667,145964.3333
19732,1413.887,5707.755,5486.6967,427.847,268.196,2.8075,109.874,43.9333,281.4,4.9333,87.6192,7.8167,84797.3333,146719.6667
19733,1433.838,5677.738,5534.0687,438.16,264.335,2.7838,109.878,44.8,289.9,4.8,87.3638,10.56,85330.3333,147478.3333
19734,1476.289,5731.632,5582.5199,448.011,280.858,2.7333,109.557,45.9333,297.7,4.7667,88.1166,9.9967,86236.0,148226.0
19741,1491.209,5682.353,5631.5986,456.362,268.361,2.6739,108.769,47.3,308.8667,5.1333,86.5609,9.3233,86709.3333,148986.6667
19742,1530.056,5695.859,5680.9704,471.822,277.391,2.6617,108.454,48.5667,318.0,5.2,85.7211,11.25,86833.6667,149746.6667
19743,1560.026,5642.025,5729.7526,485.284,271.013,2.6938,108.142,49.9333,327.6667,5.6333,84.7454,12.09,87079.0,150498.0
19744,1599.679,5620.126,5777.8023,501.022,281.339,2.7302,107.415,51.4667,330.9,6.6,80.4802,9.3467,86588.3333,151253.0
19751,1616.116,5551.713,5824.5431,517.197,244.306,2.7645,106.529,52.5667,336.2,8.2667,73.5116,6.3033,85356.6667,151987.3333
19752,1651.853,5591.382,5870.2553,532.041,243.281,2.7969,106.394,53.2,344.8333,8.8667,71.9256,5.42,85331.6667,152707.6667
19753,1709.82,5687.087,5915.5758,544.44,265.192,2.7711,106.594,54.2667,355.9333,8.4667,73.8461,6.16,86135.6667,153579.0
19754,1761.831,5763.665,5960.948,563.172,276.236,2.7563,107.153,55.2667,359.6667,8.3,75.3242,5.4133,86497.0,154336.3333
19761,1820.487,5893.276,6006.2049,579.174,304.638,2.7416,107.512,55.9,367.4333,7.7333,77.3502,4.8267,87685.6667,155075.0
19762,1852.332,5936.515,6052.324,590.571,322.303,2.7448,106.766,56.4,373.1,7.5667,78.0969,5.1967,88591.0,155773.6667
19763,1886.558,5969.089,6099.8266,608.353,328.307,2.7215,106.57,57.3,380.6,7.7333,78.6868,5.2833,89163.0,156526.6667
19764,1934.273,6012.356,6148.0796,627.345,337.65,2.7058,106.34,58.1333,389.5667,7.7667,79.3082,4.8733,89570.3333,157222.0
19771,1988.648,6083.391,6197.9564,647.814,360.313,2.6821,106.198,59.2,396.4333,7.5,80.6792,4.66,90359.3333,157910.6667
19772,2055.909,6201.659,6249.0099,663.054,389.703,2.6556,106.383,60.2333,403.7,7.1333,82.8604,5.1567,91661.3333,158652.3333
19773,2118.473,6313.559,6300.8389,683.003,414.134,2.6552,106.152,61.0667,409.9,6.9,83.1817,5.82,92409.0,159429.6667
19774,2164.27,6313.697,6354.0847,700.494,422.299,2.6657,105.993,61.9667,423.6333,6.6667,83.2387,6.5133,93639.3333,160140.3333
19781,2202.76,6333.848,6408.7339,724.811,434.799,2.6718,105.219,63.0333,431.0667,6.3333,82.637,6.7567,94552.6667,160828.6667
19782,2331.633,6578.605,6464.4701,750.386,470.584,2.6608,106.187,64.4667,444.8,6.0,84.7155,7.2833,95835.3333,161525.3333
19783,2395.053,6644.754,6521.7113,769.856,492.368,2.65,106.015,65.9667,455.6,6.0333,84.797,8.1,96397.0,162265.0
19784,2476.949,6734.069,6580.0271,789.689,515.755,2.6302,105.889,67.5,469.4,5.9,85.7337,9.5833,97399.6667,163024.0
19791,2526.61,6746.176,6639.9792,809.273,525.809,2.6027,105.409,69.2,484.5667,5.8667,85.3371,10.0733,98252.3333,163756.3333
19792,2591.247,6753.389,6697.9387,835.468,539.293,2.5661,104.811,71.4,500.0667,5.7,84.3488,10.18,98371.0,164447.3333
19793,2667.565,6803.558,6757.0171,858.589,545.621,2.5323,105.139,73.7,522.3333,5.8667,83.5143,10.9467,99040.6667,165199.6667
19794,2723.883,6820.572,6807.4314,886.599,547.875,2.5076,105.098,76.0333,539.4,5.9667,82.9414,13.5767,99637.0,166054.6667
19801,2789.842,6842.024,6853.9741,910.301,554.562,2.4907,104.531,79.0333,559.9333,6.3,82.551,15.0467,99862.3333,166762.3333
19802,2797.352,6701.046,6896.0535,926.892,519.294,2.4827,103.661,81.7,565.9,7.3333,77.8801,12.6867,98953.3333,167415.6667
19803,2856.483,6693.082,6933.63,961.909,495.071,2.4702,103.47,83.2333,576.5,7.6667,75.7289,9.8367,98899.0,168110.6667
19804,2985.557,6817.903,6973.2988,1004.394,551.472,2.4535,103.969,85.5667,591.2333,7.4,78.5143,15.8533,99498.6667,168693.6667
19811,3124.206,6951.495,7017.0829,1025.643,619.381,2.4378,104.088,87.9333,614.0667,7.4333,78.0007,16.57,100239.0,169279.0
19812,3162.532,6899.98,7064.0682,1053.74,609.843,2.4493,103.669,89.7667,622.8667,7.4,77.9005,17.78,100800.6667,169837.3333
19813,3260.609,6982.609,7113.6671,1077.047,652.297,2.4495,103.244,92.2667,629.1333,7.4,77.2097,17.5767,100482.0,170412.6667
19814,3280.818,6906.529,7165.8463,1101.901,643.395,2.4584,103.309,93.7667,635.7,8.2333,74.6717,13.5867,100076.6667,170990.3333
19821,3274.302,6799.233,7219.8608,1127.862,588.318,2.4599,102.341,94.6,639.8667,8.8333,72.4271,14.2267,99708.6667,171497.0
19822,3331.972,6830.251,7275.1977,1151.697,593.621,2.4655,103.04,95.9667,638.7,9.4333,71.6318,14.5133,99745.0,172020.0
19823,3366.322,6804.139,7331.6461,1183.846,592.954,2.4384,103.032,97.6333,649.7333,9.9,70.6419,11.0067,99543.3333,172521.6667
19824,3402.561,6806.857,7389.1969,1224.459,549.242,2.4175,102.93,97.9333,656.7667,10.6667,68.9264,9.2867,99119.6667,173046.0
19831,3473.413,6896.561,7446.7071,1258.678,565.52,2.3998,103.308,98.0,657.0333,10.3667,70.2942,8.6533,99143.0,173505.0
19832,3578.848,7053.5,7505.6008,1286.806,613.783,2.3729,103.546,99.1333,673.0333,10.1333,72.2148,8.8033,99945.0,173957.3333
19833,3689.179,7194.504,7566.2177,1329.097,652.269,2.3397,104.3,100.1,688.4333,9.3667,74.6901,9.46,101610.6667,174449.3333
19834,3794.706,7344.597,7629.3462,1356.704,718.496,2.3249,104.359,101.1,696.5,8.5333,76.7528,9.43,102588.0,174950.3333
19841,3908.054,7488.167,7701.1611,1380.27,790.872,2.2808,104.713,102.5333,706.4667,7.8667,78.805,9.6867,103664.0,175678.6667
19842,4009.601,7617.547,7768.8625,1412.233,818.894,2.2612,104.869,103.5,722.4,7.4333,79.5818,10.5567,105040.0,176125.3333
19843,4084.25,7690.985,7838.097,1446.882,838.852,2.2434,104.475,104.4,724.6,7.4333,79.686,11.39,105362.6667,176595.3333
19844,4148.551,7754.117,7908.4099,1475.175,831.741,2.2305,104.354,105.3,732.7667,7.3,79.5398,9.2667,105944.3333,177132.3333
19851,4230.168,7829.26,7978.9846,1525.616,809.865,2.2096,104.402,106.2667,742.3667,7.2333,78.8659,8.4767,106615.3333,177522.3333
19852,4294.887,7898.194,8049.7445,1555.754,827.04,2.1916,104.515,107.2333,752.7667,7.3,78.3372,7.9233,106791.0,177946.3333
19853,4386.773,8018.809,8120.3593,1597.213,822.157,2.1729,104.308,107.9,760.4667,7.2,77.775,7.9,107186.3333,178413.3333
19854,4444.094,8078.415,8190.5228,1622.303,859.545,2.1624,104.14,109.0,773.3667,7.0333,77.7767,8.1033,108023.3333,178940.6667
19861,4507.894,8153.829,8260.076,1652.771,863.457,2.1462,103.889,109.5667,779.2667,7.0333,78.387,7.8267,108734.6667,179825.3333
19862,4545.34,8190.552,8329.2905,1676.713,855.237,2.159,103.282,109.0333,767.4333,7.1667,78.1791,6.92,109205.6667,180320.6667
19863,4607.669,8268.935,8398.3217,1700.452,835.832,2.1617,102.993,109.7,771.0667,6.9667,78.3772,6.2067,109970.0,180835.6667
19864,4657.627,8313.338,8467.2809,1732.668,842.063,2.1573,103.12,110.4667,779.0,6.8333,78.9446,6.2667,110492.0,181365.3333
19871,4722.156,8375.274,8535.8303,1767.634,871.196,2.1443,103.675,111.8,797.4,6.6,79.5409,6.22,111206.0,182001.3333
19872,4806.16,8465.63,8604.0969,1801.948,874.588,2.1283,103.509,113.0667,812.2667,6.2667,80.2908,6.65,112158.0,182526.6667
19873,4884.555,8539.075,8672.098,1836.16,876.466,2.1134,103.456,114.2667,820.6667,6.0,81.1952,6.8433,112866.6667,183016.0
19874,5007.994,8685.694,8740.3552,1874.186,946.459,2.1067,103.663,115.3333,826.8,5.8333,82.9278,6.9167,113526.6667,183467.0
19881,5073.372,8730.569,8808.2422,1923.07,908.569,2.0948,103.05,116.2333,838.4,5.7,83.2343,6.6633,114093.3333,183967.3333
19882,5190.036,8845.28,8876.3763,1964.954,934.525,2.0799,103.315,117.5667,853.5667,5.4667,83.9856,7.1567,114623.0,184389.3333
19883,5282.835,8897.107,8944.3285,2020.733,942.009,2.0619,103.127,119.0,870.7667,5.4667,84.0521,7.9833,115232.6667,184840.3333
19884,5399.509,9015.661,9012.2245,2062.056,962.748,2.0556,103.529,120.3,886.3333,5.3333,84.7809,8.47,115947.3333,185253.3333
19891,5511.253,9107.314,9079.7836,2101.195,1005.487,2.0385,103.707,121.6667,902.5333,5.2,84.905,9.4433,116835.3333,185772.6667
19892,5612.463,9176.827,9146.9441,2132.674,1001.047,2.0136,103.788,123.6333,927.7667,5.2333,83.8181,9.7267,117204.6667,186178.0
19893,5695.365,9244.816,9213.6664,2167.474,996.46,2.0056,103.951,124.6,936.2667,5.2333,82.5197,9.0833,117493.6667,186602.3333
19894,5747.237,9263.033,9280.1172,2210.469,995.809,1.9947,103.546,125.8667,951.3333,5.3667,81.9263,8.6133,117774.3333,187017.6667
19901,5872.701,9364.259,9345.7291,2248.382,1010.838,1.9713,103.269,128.0333,974.1667,5.3,82.1761,8.25,119114.3333,188519.6667
19902,5960.028,9398.243,9410.6983,2304.16,1014.72,1.9527,102.795,129.3,980.8333,5.3333,82.1695,8.2433,118995.3333,188916.3333
19903,6015.116,9404.494,9474.2945,2350.024,1000.785,1.9298,102.522,131.5333,1003.1333,5.7,81.8775,8.16,118712.0,189352.6667
19904,6004.733,9318.876,9536.6607,2368.207,947.453,1.9068,102.515,133.7667,1018.7667,6.1333,80.1083,7.7433,118361.0,189866.3333
19911,6035.178,9275.276,9598.1338,2387.721,924.569,1.9109,102.235,134.7667,1014.1667,6.6,77.9846,6.4267,117782.3333,190271.6667
19912,6126.862,9347.597,9658.7723,2429.918,926.541,1.9006,102.078,135.5667,1021.7333,6.8333,78.0903,5.8633,117729.3333,190655.6667
19913,6205.937,9394.834,9719.0523,2464.541,947.476,1.8871,102.219,136.6,1024.4,6.8667,79.2156,5.6433,117660.0,191121.3333
19914,6264.54,9427.581,9779.6871,2501.877,978.788,1.8657,102.177,137.7333,1020.6667,7.1,79.1974,4.8167,117678.6667,191650.6667
19921,6363.102,9540.444,9840.9574,2566.552,956.817,1.8464,102.098,138.6667,1037.6667,7.3667,78.8379,4.0233,117958.3333,192074.6667
19922,6470.763,9643.893,9903.2242,2607.453,1013.084,1.8336,102.341,139.7333,1047.2,7.6,79.862,3.77,118406.6667,192506.6667
19923,6566.641,9739.185,9967.1893,2653.829,1024.162,1.821,102.285,140.8,1061.0333,7.6333,80.0819,3.2567,118753.0,193024.3333
19924,6680.803,9840.753,10032.2124,2709.331,1057.962,1.8097,102.448,142.0333,1074.8,7.3667,80.1231,3.0367,118833.6667,193615.6667
19931,6729.459,9857.185,10098.2893,2742.534,1083.829,1.7992,102.54,143.0667,1079.1333,7.1333,80.5712,3.04,119297.3333,194106.0
19932,6808.939,9914.565,10165.978,2784.412,1094.479,1.7921,102.872,144.1,1086.3333,7.0667,80.4369,3.0,119959.6667,194555.3333
19933,6882.098,9961.873,10234.6817,2838.023,1095.852,1.7874,102.974,144.7667,1092.5333,6.8,80.1822,3.06,120625.6667,195068.0
19934,7013.738,10097.362,10304.222,2873.579,1153.142,1.7828,103.161,145.9667,1105.3,6.6333,81.127,2.99,121152.0,195621.0
19941,7115.652,10195.338,10374.3207,2915.554,1201.675,1.7815,103.025,146.7,1116.8333,6.5667,81.5218,3.2133,121994.0,196085.3333
19942,7246.931,10333.495,10444.8719,2956.348,1264.948,1.7764,103.688,147.5333,1128.1,6.2,82.6904,3.94,122596.0,196522.0
19943,7331.075,10393.898,10516.4034,2993.87,1251.749,1.77,103.701,148.9,1149.6,6.0,83.0831,4.4867,123245.0,197050.0
19944,7455.288,10512.962,10588.5101,3031.873,1307.566,1.7635,103.545,149.7667,1163.0,5.6333,84.1697,5.1667,124449.6667,197600.6667
19951,7522.289,10550.251,10660.8512,3074.329,1327.586,1.7608,103.114,150.8667,1166.8667,5.4667,84.1047,5.81,124848.6667,197882.0
19952,7580.997,10581.723,10733.9241,3129.711,1303.988,1.749,102.535,152.1,1177.0,5.6667,83.2542,6.02,124629.3333,198295.6667
19953,7683.125,10671.738,10807.2352,3172.427,1303.248,1.7383,103.097,152.8667,1183.6667,5.6667,82.8261,5.7967,124933.6667,198807.0
19954,7772.586,10744.203,10882.1475,3211.762,1335.135,1.7241,103.06,153.7,1191.6333,5.5667,82.4916,5.72,125221.3333,199351.6667
19961,7868.468,10824.674,10958.2375,3259.617,1355.353,1.7089,102.529,155.0667,1211.1667,5.5333,81.6066,5.3633,125542.0,199776.0
19962,8032.84,11005.217,11038.9935,3304.626,1418.388,1.6858,102.847,156.4,1239.5333,5.5,82.2476,5.2433,126280.0,200279.3333
19963,8131.408,11103.935,11125.4637,3348.618,1474.35,1.6763,103.043,157.3,1246.5,5.2667,82.452,5.3067,127218.3333,200849.6667
19964,8259.771,11219.238,11217.5508,3394.838,1480.128,1.6576,103.233,158.6667,1268.3,5.3333,82.2956,5.28,127840.3333,201457.3333
19971,8362.655,11291.665,11315.1161,3446.497,1522.404,1.6452,103.317,159.6333,1281.0,5.2333,82.7629,5.2767,128495.6667,202395.6667
19972,8518.825,11479.33,11417.5148,3496.96,1590.218,1.632,103.219,160.0,1277.7333,5.0,82.6928,5.5233,129339.6667,202835.3333
19973,8662.823,11622.911,11525.0735,3559.055,1625.251,1.6211,103.326,160.8,1297.3333,4.8667,83.1887,5.5333,129950.3333,203366.6667
19974,8765.907,11722.722,11636.5249,3618.627,1644.529,1.6067,103.169,161.6667,1307.8,4.6667,83.7156,5.5067,130503.6667,203935.3333
19981,8866.48,11839.876,11751.2764,3676.961,1712.324,1.5935,103.258,162.0,1306.6667,4.6333,83.1161,5.52,130782.3333,204395.0
19982,8969.699,11949.492,11869.7764,3743.404,1695.773,1.5788,103.081,162.5333,1319.9,4.4,81.765,5.5,131259.3333,204905.0
19983,9121.097,12099.191,11990.4282,3806.982,1741.623,1.5633,102.764,163.3667,1334.8333,4.5333,80.8646,5.5333,131568.3333,205482.6667
19984,9293.991,12294.737,12113.2492,3847.889,1796.964,1.5499,103.522,164.1333,1355.1333,4.4333,81.0535,4.86,132293.6667,206097.6667
19991,9411.682,12410.778,12238.5118,3897.147,1853.063,1.5377,103.168,164.7333,1384.9667,4.3,80.8521,4.7333,132943.3333,206876.0
19992,9526.21,12514.408,12365.285,3957.569,1848.341,1.5213,103.071,165.9667,1418.2667,4.2667,80.6023,4.7467,133214.6667,207431.6667
19993,9686.626,12679.977,12493.7035,4024.047,1893.735,1.5037,103.152,167.2,1440.0667,4.2333,80.2136,5.0933,133570.6667,208043.6667
19994,9900.169,12888.281,12624.3398,4108.02,1953.097,1.4891,103.137,168.4333,1482.6667,4.0667,80.8811,5.3067,134275.0,208660.3333
20001,10002.179,12935.252,12756.1978,4205.131,1950.65,1.4752,103.015,170.1,1492.2,4.0333,80.7776,5.6767,136619.3333,211586.0
20002,10247.72,13170.749,12885.5495,4274.861,2075.786,1.4667,102.828,171.4333,1535.1,3.9333,80.772,6.2733,136946.6667,212242.0
20003,10318.165,13183.89,13010.0471,4350.834,2059.969,1.4528,102.666,173.0,1557.4667,4.0,79.7339,6.52,136695.3333,212918.6667
20004,10435.744,13262.25,13129.1448,4425.204,2067.227,1.4404,102.399,174.2333,1577.6,3.9,78.2838,6.4733,137341.3333,213560.3333
20011,10470.231,13219.251,13242.6261,4496.052,1971.333,1.4222,101.933,175.9,1572.4333,4.2333,76.2684,5.5933,137724.3333,214101.0
20012,10599.0,13301.394,13350.3998,4532.144,1973.033,1.4095,101.56,177.1333,1590.6333,4.4,74.5433,4.3267,137088.0,214735.6667
20013,10598.02,13248.142,13452.5044,4555.089,1944.909,1.4034,101.097,177.6333,1591.3667,4.8333,72.8865,3.4967,136719.3333,215421.6667
20014,10660.465,13284.881,13549.5783,4609.546,1850.091,1.3966,100.918,177.5,1581.9,5.5,71.7826,2.1333,136225.6667,216111.6667
20021,10783.5,13394.91,13642.0267,4655.831,1912.659,1.3831,100.951,178.0667,1585.6333,5.7,72.1619,1.7333,136105.3333,216664.0
20022,10887.46,13477.356,13731.5275,4721.022,1933.282,1.3657,101.335,179.4667,1609.5333,5.8333,73.0831,1.75,136360.0,217203.6667
20023,10984.04,13531.741,13819.4217,4778.693,1933.197,1.3504,101.12,180.4333,1616.7333,5.7333,73.6318,1.74,136806.6667,217867.6667
20024,11061.433,13549.421,13906.0731,4844.998,1942.531,1.3403,101.111,181.5,1641.8667,5.8667,73.5331,1.4433,136651.6667,218543.0
20031,11174.129,13619.434,13992.4845,4909.826,1960.221,1.3208,100.663,183.3667,1682.8,5.8667,73.9181,1.25,137444.3333,220109.3333
20032,11312.766,13741.107,14079.7166,4983.56,1972.386,1.3091,100.642,183.0667,1670.0667,6.1333,73.5049,1.2467,137655.6667,220774.0
20033,11566.669,13970.157,14166.9684,5054.68,2044.304,1.2912,100.548,184.4333,1724.5,6.1333,74.0054,1.0167,137544.0,221512.6667
20034,11772.234,14131.379,14255.2957,5124.541,2131.311,1.2823,100.712,185.1333,1741.8667,5.8333,74.8627,0.9967,138273.0,222275.6667
20041,11923.447,14212.34,14345.4715,5205.543,2154.052,1.2769,100.907,186.7,1779.0,5.7,75.4283,1.0033,138489.0,222356.0
20042,12112.815,14323.017,14436.9677,5278.129,2262.607,1.2741,100.404,188.1667,1803.0,5.6,76.1141,1.01,138902.0,222973.3333
20043,12305.307,14457.832,14530.6572,5371.996,2318.272,1.2678,100.51,189.3667,1826.3,5.4333,76.8515,1.4333,139538.6667,223680.0
20044,12527.214,14605.595,14625.5401,5464.088,2390.082,1.2626,100.516,191.4,1877.4667,5.4333,77.734,1.95,140029.3333,224418.0
20051,12767.286,14767.846,14718.9072,5549.788,2486.068,1.2596,100.284,192.3667,1892.0,5.3,78.6482,2.47,140428.0,225038.0
20052,12922.656,14839.707,14809.9664,5643.732,2476.474,1.2558,100.453,193.6667,1919.4667,5.1,78.6991,2.9433,141525.6667,225674.0
20053,13142.642,14956.291,14899.7647,5730.245,2531.076,1.2438,100.385,196.6,1986.0333,4.9667,78.1064,3.46,142287.0,226422.3333
20054,13324.204,15041.232,14987.7347,5820.809,2645.263,1.239,100.561,198.4333,2019.7333,4.9667,78.8068,3.98,142599.6667,227196.0
20061,13599.16,15244.088,15073.6648,5903.311,2709.74,1.2356,100.672,199.4667,2042.7,4.7333,79.1551,4.4567,143449.3333,227763.6667
20062,13753.424,15281.525,15158.0237,6001.556,2709.252,1.2243,100.662,201.2667,2076.8333,4.6333,78.9365,4.9067,144067.6667,228432.6667
20063,13870.188,15304.517,15239.1033,6080.335,2709.42,1.2144,100.883,203.1667,2112.9,4.6333,78.7101,5.2467,144547.3333,229166.3333
20064,14039.56,15433.643,15316.9142,6165.119,2675.406,1.2177,100.816,202.3333,2092.8333,4.4333,78.482,5.2467,145606.0,229896.0
20071,14215.651,15478.956,15394.5913,6264.013,2664.295,1.2045,100.578,204.317,2129.1,4.5,78.7188,5.2567,146135.0,230839.3333
20072,14402.082,15577.779,15472.7721,6326.913,2699.217,1.1889,100.714,206.631,2166.1,4.5,79.1876,5.25,145850.6667,231482.0
20073,14564.117,15671.605,15551.6854,6418.373,2685.969,1.1752,100.556,207.939,2188.1667,4.6667,78.697,5.0733,145943.6667,232210.0
20074,14715.058,15767.146,15630.1644,6508.952,2642.56,1.1572,100.263,210.4897,2232.6,4.8,78.5673,4.4967,146271.3333,232936.6667
20081,14706.538,15702.906,15707.8964,6598.077,2563.701,1.1446,100.231,212.7697,2252.8667,5.0,77.977,3.1767,146206.6667,232806.6667
20082,14865.701,15792.773,15782.9451,6686.336,2540.595,1.1276,100.055,215.5377,2305.8,5.3333,76.461,2.0867,145925.6667,233410.0
20083,14898.999,15709.562,15854.4792,6731.171,2498.242,1.1151,99.733,218.861,2332.0667,6.0,73.9482,1.94,145270.3333,234110.3333
20084,14608.208,15366.607,15921.6471,6731.865,2307.915,1.1368,99.202,213.8487,2167.0667,6.8667,69.7976,0.5067,144090.3333,234825.0
20091,14430.901,15187.475,15983.2985,6694.942,2014.878,1.1346,98.628,212.3777,2115.5667,8.2667,65.2926,0.1833,141499.6667,234912.6667
20092,14381.236,15161.772,16040.7026,6671.028,1863.65,1.1159,98.087,213.507,2139.8,9.3,63.7623,0.18,140304.3333,235459.3333
20093,14448.882,15216.647,16094.7417,6710.929,1841.416,1.0937,97.982,215.344,2193.3667,9.6333,65.3514,0.1567,139403.6667,236093.0
20094,14651.248,15379.155,16147.0634,6767.885,1998.71,1.0825,98.327,217.03,2222.9,9.9333,66.7467,0.12,138368.0,236739.0
20101,14764.611,15456.059,16199.7102,6835.669,2038.161,1.07,98.612,217.374,2245.1,9.8333,68.1434,0.1333,138590.0,236996.3333
20102,14980.193,15605.628,16253.7162,6916.911,2148.795,1.0618,99.246,217.2973,2247.3333,9.6333,70.2245,0.1933,139226.3333,237506.0
20103,15141.605,15726.282,16310.4477,6985.635,2236.495,1.0545,99.702,217.9343,2262.7,9.4667,71.3347,0.1867,139337.6667,238103.6667
20104,15309.471,15807.995,16369.3052,7031.511,2238.44,1.0464,99.697,219.699,2320.3667,9.5,71.942,0.1867,139154.6667,238711.3333
20111,15351.444,15769.911,16430.4648,7089.16,2205.962,1.0374,99.364,222.0437,2381.1,9.0333,72.7261,0.1567,139427.6667,238851.6667
20112,15557.535,15876.839,16494.1242,7158.561,2297.352,1.0291,99.808,224.5683,2431.5667,9.0667,72.8293,0.0933,139531.3333,239316.0
20113,15647.681,15870.684,16560.1095,7227.254,2322.84,1.0225,99.776,226.0327,2437.0,9.0,73.5921,0.0833,139883.0,239871.0
20114,15842.267,16048.702,16627.8917,7247.97,2504.095,1.0162,100.008,227.0473,2448.8,8.6333,74.1353,0.0733,140698.6667,240431.3333
20121,16068.824,16179.968,16697.3907,7330.585,2567.75,1.009,100.136,228.326,2490.6,8.2667,74.8661,0.1033,141826.0,242436.0
20122,16207.13,16253.726,16768.9712,7388.679,2636.863,1.0034,99.984,228.808,2482.8333,8.2,74.717,0.1533,142165.3333,242968.3333
20123,16319.54,16282.151,16842.1603,7427.587,2644.119,0.9982,99.903,229.841,2490.1333,8.0333,74.228,0.1433,142542.3333,243564.0
20124,16420.386,16300.035,16916.6539,7491.645,2638.282,0.9896,99.976,231.3693,2510.5,7.8,74.2101,0.16,143364.6667,244169.0
20131,16629.05,16441.485,16992.5715,7533.987,2738.236,0.9826,99.972,232.2993,2542.8333,7.7333,74.5227,0.1433,143323.3333,244828.6667
20132,16699.551,16464.402,17069.5661,7591.64,2775.276,0.9794,99.857,232.045,2513.8667,7.5333,74.4512,0.1167,143838.6667,245363.3333
20133,16911.068,16594.743,17147.1508,7648.836,2879.995,0.9734,99.814,233.3,2541.4,7.2333,74.456,0.0833,144336.0,245961.0
20134,17133.114,16712.76,17225.8024,7759.758,2910.546,0.9689,99.818,234.1627,2564.1333,6.9333,74.7773,0.0867,144264.6667,246564.3333
20141,17144.281,16654.247,17305.4195,7828.587,2899.216,0.9635,99.868,235.621,2586.0,6.6667,74.6624,0.0733,145310.6667,247086.0
20142,17462.703,16868.109,17385.7105,7921.739,3030.425,0.9556,100.047,236.8723,2623.5333,6.2,75.6349,0.0933,145913.0,247625.0
20143,17743.227,17064.616,17467.5492,8036.39,3107.62,0.9523,100.093,237.4783,2642.2333,6.0667,76.1195,0.09,146569.0,248232.6667
20144,17852.54,17141.235,17550.0148,8152.359,3139.452,0.9498,100.377,236.8883,2631.7333,5.7,76.3817,0.1,147482.0,248842.6667
20151,17991.348,17280.647,17632.7606,8215.995,3245.05,0.9506,100.192,235.355,2584.1,5.5333,75.989,0.11,148106.0,249900.6667
20152,18193.707,17380.875,17715.6013,8297.35,3245.825,0.9424,99.922,236.96,2617.7333,5.4333,76.0501,0.1233,148714.6667,250461.3333
20153,18306.96,17437.08,17797.9113,8387.315,3251.67,0.9353,99.95,237.855,2641.9333,5.1,76.2634,0.1367,148945.6667,251099.0
20154,18332.079,17462.579,17879.075,8461.274,3206.098,0.9306,99.928,237.837,2617.8,5.0333,75.6876,0.16,149612.3333,251741.3333
20161,18425.306,17565.465,17959.5247,8560.649,3174.386,0.9237,99.821,237.6893,2605.7333,4.9,75.5328,0.36,150936.6667,252580.6667
20162,18611.617,17618.581,18039.0586,8652.684,3178.537,0.9158,99.648,239.5903,2648.7667,4.9333,75.158,0.3733,151143.0,253180.0
20163,18775.459,17724.489,18117.6492,8750.7,3185.73,0.9071,99.656,240.6073,2653.6333,4.9,75.0849,0.3967,151698.0,253855.0
20164,18968.041,17812.56,18195.8769,8841.634,3281.493,0.9008,99.394,242.1347,2678.4667,4.7667,75.128,0.45,151968.0,254534.3333
20171,19153.912,17896.623,18274.5328,8951.04,3283.481,0.8961,99.37,243.8387,2724.7333,4.5667,75.3508,0.7,152565.6667,254247.3333
20172,19322.92,17996.802,18352.9509,9028.583,3357.362,0.8928,99.789,244.12,2738.8333,4.3667,76.2176,0.95,153214.0,254770.6667
20173,19558.693,18126.226,18433.5035,9108.266,3413.3,0.8872,99.541,245.287,2762.1667,4.3333,76.1702,1.1533,153786.0,255356.6667
20174,19882.965,18296.685,18516.0761,9234.339,3471.425,0.8788,99.649,247.2383,2821.9667,4.1667,77.0926,1.2033,153772.6667,255941.3333
20181,20143.716,18436.262,18600.5425,9369.007,3550.839,0.8733,99.659,249.2543,2849.0667,4.0333,77.3251,1.4467,155018.3333,256937.0
20182,20492.492,18590.004,18687.3221,9510.327,3603.22,0.8692,99.795,250.681,2883.2,3.9333,77.837,1.7367,155596.6667,257456.0
20183,20659.102,18679.599,18776.0991,9629.389,3679.569,0.8655,99.775,251.7703,2894.9667,3.7667,78.1066,1.9233,155865.6667,258066.3333
20184,20813.325,18721.281,18865.3729,9730.536,3717.518,0.8608,99.581,252.69,2911.0,3.8333,77.4994,2.22,156555.6667,258703.3333
20191,21001.591,18833.195,18954.7646,9772.746,3801.932,0.8611,99.34,253.2927,2909.5,3.8667,76.523,2.4033,156825.0,258389.3333
20192,21289.268,18982.528,19044.8815,9896.347,3842.963,0.855,99.188,255.283,2970.1667,3.6,75.7752,2.3967,156911.6667,258863.6667
20193,21505.012,19112.653,19135.4193,10016.772,3858.192,0.8499,99.112,256.225,2981.2667,3.6333,75.6762,2.19,157839.0,259431.6667
20194,21694.458,19202.31,19225.5991,10113.165,3801.943,0.8418,99.076,257.7853,3001.6,3.6,75.3778,1.6433,158544.0,260015.3333
